품목,산업
(WIND) TOWER FLANGE / 비계 / 굉도 받침에 사용되는 기구,일반기계
(덴티움 + 오스템임플란트 + 디오 + 덴티스 + 메가젠임플란트),바이오헬스
/ 셀트리온 등 바이오 원료 및 의약품 (인천 연수구),바이오헬스
/ 셀트리온 등 바이오 원료 및 의약품 (인천 연수구_글로벌),바이오헬스
/ 현대로템 K-2 TANKS 및 기타 수송장비 부품 (경남 창원시_글로벌),일반기계
/ 현대로템 전차와 그 밖의 장갑차량 (경남 창원시_글로벌),일반기계
/ 현대로템 전차와 그 밖의 장갑차량 + K-2 TANKS 및 기타 수송장비 부품 (경남 창원시),일반기계
12인치 레이저마커 / 레이저 그루빙,반도체
2차전지 원형 각형 등 팩 모듈(Cap assy포함),이차전지
"2차전지 원형·각형 등 Cap Assembly, 모듈",이차전지
3D 프린터,전기기기
3차원 (AOI 및 SPI) 검사장비 (서울 금천구),반도체
3차원 검사장비,반도체
"3차원 검사장비, 모듈",반도체
AFCI PCB ASSEMBLY (자동차단기),전기기기
ArtiSential / ArtiSeal,바이오헬스
BPA,석유화학
BUMPER RAIL (완충기와 그 부분품),자동차부품
"CAR BODY ASSY (KIT, PARTS) 등",자동차부품
"CAR BODY ASSY (KIT, PARTS) 등 + BUMPER RAIL",자동차부품
CCL,비철금속
CCL 동박적층판,비철금속
CCSS,반도체
CCTV,무선통신기기
CMOS 이미지센서(CIS),반도체
CMP (웨이퍼 표면 연마장치),반도체
CNT 도전재,이차전지
CNT도전재,이차전지
COK,반도체
CSB,반도체
Dr. INVIVO 3D 바이오 프린터,바이오헬스
Dr.INVIVO AI Regen Kit,바이오헬스
ECH,석유화학
EDS,전기기기
ESS,이차전지
ESS(에너지 저장장치용-리튬이온),이차전지
"EV Relay 1,000V 이하",이차전지
"EV Relay 1,000V 초과",이차전지
"EV Relays, LS이모빌리티솔루션(LS ELECTRIC 자회사) (계전기, 전기제어용, 전압 1,000V 초과)",이차전지
FCCL,반도체
FPCB,반도체
FPD 및 반도체 이송장치,반도체
H형강,철강제품
H형강 (높이 300~600미리),철강제품
H형강 (높이 300미리 미만),철강제품
H형강 (높이 600미리 초과),철강제품
H형강 (전국),철강제품
H형강 합산,철강제품
"ISP(Image Signal Processor, 이미지신호처리) PCB / 카메라센싱 / 카메라모듈",무선통신기기
Ion Beam Polisher,디스플레이
Ion Sputter Coater,디스플레이
MCOs(eMMC/UFS/SiP 등),반도체
MCOs(eMMC/UFS/SiP),반도체
MCP (복합구조칩 집적회로),반도체
MLCC,전기기기
MLCC + 전력용 필름 콘덴서 + 전장용 필름 콘덴서 + 단층 세라믹 콘덴서,전기기기
NB Latex,석유제품
NCA (니켈 코발트 알루미늄 산화물의 리튬염),이차전지
NCA 니켈 코발트 알루미늄 산화물의 리튬염,이차전지
NCM,이차전지
NCM (니켈 코발트 망간 산화물의 리튬염),이차전지
OLED TV,디스플레이
OLED TV용 모듈,디스플레이
OLED 패널,디스플레이
"OLED 패널 (태블릿, 노트북 한정)",디스플레이
OLED 패널 + 평판디스플레이 모듈 + 평판디스플레이 + 유기발광다이오드 OLED 제조용,디스플레이
PI Film / PI Sheet 등,석유제품
PR박리액 (반도체 제조용),반도체
Package Substrate + 리드프레임,반도체
SB&MSB (가공 안한것),반도체
SB&MSB (가루),반도체
SB&MSB (주석 가루),반도체
SEM,전기기기
SEM 부품,전기기기
SEM+SEM 부품+EDS+Ion Sputter Coater+Ion Beam Polisher,전기기기
SSD(솔리드 스테이트 드라이브),반도체
TC BONDER,반도체
Test Board,반도체
가성소다,석유화학
가스식인 즉시식 물가열기(온수기),일반기계
가정용 미용기기,화장품
개사료,농수산식품
개사료 (부산 기장군),농수산식품
개사료 (부산 기장군_베트남+대만+싱가포르),농수산식품
건기식,농수산식품
"건기식 (펩타이드, 따로 분류되지 않은 조제 식료품)",농수산식품
"건기식 (펩타이드, 식이보충제)",농수산식품
건식식각장비,반도체
계전기 (전압 60V ~ 1000V),전기기기
"고무제 공기타이어 (신품, 승용차용.스테이션왜건.경주자동차용) + (신품, 버스용·화물차용)",자동차부품
고무타이어 및 타이어튜브(래디알 구조의 것),자동차부품
고압 수소 열처리 장비 (어닐링),반도체
고압배전반,전기기기
고압자동제어반,전기기기
고양이사료,농수산식품
고추장,농수산식품
골심지,기타
골절치료용 부분품 (정형외과용 기기),바이오헬스
골절치료용 부분품 (정형외과용 기기) + 외과수술용 기기 (레이저 작동식 제외) + 인공관절,바이오헬스
과산화수소 (반도체 제조용),반도체
광섬유,전기기기
광섬유 (경기 안산시 + 충남 예산군) + 광섬유ㆍ광섬유 다발과 광섬유 케이블,전기기기
광섬유 광케이블,전기기기
광섬유 케이블,전기기기
광섬유ㆍ광섬유 다발과 광섬유 케이블,전기기기
광증폭기,전기기기
광트랜시버,무선통신기기
광트랜시버 + 레이저 다이오드,무선통신기기
그 밖의 비금속 무기산의 에스테르,석유화학
"급속열처리장비(Rapid Thermal Processing, RTP)",디스플레이
기초화장용 제품류,화장품
기초화장품,화장품
"기타 관모양 금속 바늘, 봉합용 바늘 (내과용·외과용·치과용·수의과용)",바이오헬스
"기타 내과, 외과, 치과, 수의과, 안과용 기기",화장품
"기타 내과,외과,치과,수의과,안과용 기기",화장품
기타 레이저마커,반도체
기타 소스 및 조제품,농수산식품
기타 엑스선기기(C-ARM),바이오헬스
"기타 엔진 (발전용, 디젤.세미디젤, 압축점화식",일반기계
기타 엔진 (불꽃점화식),일반기계
"기타 엔진 (차량용 등, 디젤 세미디젤, 압축점화식)",일반기계
기타 열교환기 (가정용 제외),전기기기
기타 의약품 (플라센텍스주),화장품
기타 인쇄회로,반도체
기타 인스탄트 면류,농수산식품
기타 전자집적회로,반도체
기타 전자집적회로 + 컨트롤러 + 디램,반도체
"기타 진단용 시약, 진단키트",바이오헬스
"기타 진단용 조제시약 (뒷 편을 보강한 것), 진단키트",바이오헬스
"기타 축전지(리튬이온, 배터리)",이차전지
기타 캐눌러 (내과용·외과용·치과용·수의과용),바이오헬스
기타 캐눌러 + 기타 관모양 금속 바늘 + 부분품(내과용·외과용·치과용·수의과용),바이오헬스
기타 페놀 산화방지제,석유화학
기타 페놀 산화방지제+그 밖의 비금속 무기산의 에스테르+산화방지 조제품,석유화학
기타골프용품,기타
김치,농수산식품
농업용 트랙터(엔진 동력 18kW이하) + 트랙터(18kW~37kW) + 트랙터(37kW~75kW) + 트랙터(75kW~130kW) + 차축이 하나인 트랙터,일반기계
눈 화장품 (아이섀도 등),화장품
눈화장용 (마스카라 등),화장품
니켈도금강판,철강제품
니켈페이스트,전기기기
다층세라믹기판 및 기타 인쇄회로,반도체
다층세라믹기판 및 기타 인쇄회로 Memory Module,반도체
단층 세라믹 콘덴서(DCC),전기기기
담배,농수산식품
대구경 철강제 관,철강제품
동박,비철금속
동원시스템즈 / 롯데케미칼(롯데알미늄) : 알루미늄박,이차전지
디램,반도체
디램+디램모듈+플래시 메모리+SSD+CIS+MCP+프로세서•컨트롤러+스마트폰,반도체
디램+디램모듈+플래시 메모리+SSD+MCP,반도체
디램모듈,반도체
라면,농수산식품
라면 + 기타 소스 및 조제품,농수산식품
라이신,농수산식품
라이신 + 라이신의 염,농수산식품
라이신의 염,농수산식품
러버 소켓,반도체
레이더,무선통신기기
레이저 다이오드,무선통신기기
로켓 발사기,일반기계
롯데케미칼(롯데알미늄) 동원시스템즈 : 알루미늄박 / 알루미늄 파우치 필름,이차전지
리노핀 / 실리콘러버소켓,반도체
리쥬란,화장품
리쥬란 + 기초화장용 제품류 + 마스크팩 +플라센텍스주,화장품
리튬 1차전지,이차전지
마스크팩,화장품
마이크로톰 혈당측정기,바이오헬스
메모리반도체,반도체
메이크업용 제품,화장품
"메커니컬셔블.엑스커베이터 (360도 회전 상부구조, 자주식)",일반기계
면역진단기기,바이오헬스
면역진단기기 + 면역진단카트리지 + 부분품 + 조제시약 + 시약,바이오헬스
면역진단카트리지,바이오헬스
모노리식 집적회로,반도체
모노리식 집적회로 (웨이퍼레벨패키지),반도체
모바일프린터,전기기기
무인기 (드론) 기체 (250그램~7킬로그램 이하),전기기기
물리나 화학 분석용 기기의 부분품,바이오헬스
"미용 화장품, 기초화장품, 메이크업 화장품, 어린이용 화장품, 선스크린, 선탠 등 (가루형태 제외)",화장품
"미용 화장품, 기초화장품, 메이크업 화장품, 어린이용 화장품, 선스크린, 선탠 등 (가루형태 제외) + 입술화장품 (립스틱 등) + 눈 화장품 (아이섀도 등)",화장품
미용목적 의료기기 부분품,화장품
"미용목적 의료기기 부분품(기타 내과, 외과, 치과, 수의과, 안과용 기기)",화장품
미용이나 메이크업용 제품류와 기초화장용 제품류 (의약품은 제외),화장품
바이오 원료 및 의약품,바이오헬스
반도체 레이저 장비,반도체
반도체 웨이퍼 세척 장비 (디스컴),반도체
반도체 웨이퍼 세척 장비 (디스컴) + 웨이퍼의 절단 이전에 전체 웨이퍼에 연결접점(범프)를 형성하는 웨이퍼 범핑용 기기 (리플로우),반도체
반도체 웨이퍼 습식 식각 / 세척 장비,반도체
반도체 웨이퍼 습식 식각 / 세척 장비 (경기 화성시) + PR박리액 (반도체 제조용) (경기 화성시) + 유기혼합용제와 시너(thinner) (경기 화성시) + 유기혼합용제와 시너(thinner),반도체
반도체 웨이퍼 패턴결함 검사장비 및 반도체오버레이계측기,반도체
"반도체 웨이퍼, 소자의 측정, 검사용 장비",반도체
반도체 웨이퍼용 증착 장비,반도체
반도체 웨이퍼용 증착장비,반도체
반도체 제조용 장비,반도체
배전반,전기기기
배터리 케이스,이차전지
백신,바이오헬스
밸브,일반기계
변압기,전기기기
변환기,전기기기
보툴리눔 톡신,화장품
"보툴리눔 톡신 (강원 횡성_중국) 제네톡스 ""보타원""은 모두 수출용으로 중국에 90%이상 집중되어 있음",화장품
보툴리눔 톡신 + 필러,화장품
"복합부품 집적회로(MCOs) (프로세서, 컨트롤러)",반도체
봉합사 + 봉합사 반제품 + 유착방지제 + 치과용 충전재 + 치과용 시멘트 + 뼈 형성용 시멘트,바이오헬스
"봉합재(살균용, 외과용 흡수성 실 포함)",바이오헬스
부분품 (기타 내과용.외과용.치과용.수의과용.안과용 기기),바이오헬스
"부분품 (기타 엔진) (디젤.세미디젤, 압축점화식)",일반기계
"부분품 (엔진, 선박추진용, 출력 2000kW 초과) (디젤.세미디젤, 압축점화식)",선박류
"부분품 (엔진, 선박추진용, 출력 300kW 이하) (디젤.세미디젤, 압축점화식)",선박류
"부분품 (엔진, 선박추진용, 출력 300~2500kW) (디젤.세미디젤, 압축점화식)",선박류
"부분품 (전자집적회로 ; 프로세서.컨트롤러, 메모리, 증폭기) 리드프레임",반도체
분리막(PE + PP),이차전지
분리막(PE),이차전지
분리막(PP),이차전지
"불도저.앵글도저 (무한 궤도식, 자주식)",일반기계
블랙박스,가전
블랭크마스크 (반도체 제조용),반도체
블랭크마스크 (평판디스플레이용 + 반도체 제조용),반도체
블랭크마스크 (평판디스플레이용),반도체
"비스킷, 쿠키, 크래커",농수산식품
비행기의 부분품,일반기계
산업용 가열로,전기기기
산업용원자현미경,반도체
산업용자동화원자현미경,반도체
산업용지,기타
산화방지 조제품,석유화학
"산화방지 조제품(고무용, 플라스틱용)",석유화학
생물 현미경,일반기계
"선박추진용 엔진 (출력이 2,000킬로와트를 초과하는 것)",선박류
"선박추진용 엔진 + 부분품 (출력이 2,000킬로와트를 초과하는 것)",선박류
성진종합전기 (비상장) 등 : 소형 변압기(100kVA 이하),전기기기
세라믹정전척(ESC) (경기 안성시),반도체
세라믹정전척(ESC) (경기 안성시_글로벌),반도체
세라믹콘덴서와 페라이트코어 제조용 조제품,전기기기
세라믹히터 (경기 안성시),반도체
세라믹히터 (경기 안성시_글로벌),반도체
세라믹히터 세라믹정전척(ESC) 및 그 부분품 + 세라믹정전척(ESC) (경기 안성시),반도체
소모품,전기기기
소주,농수산식품
소주 (강원 강릉시) 수출의 80% 이상이 일본에 집중,농수산식품
소주 (경남 창원시) 롯데칠성음료와 달리 다양한 국가로 비중있게 수출,농수산식품
소형 변압기 100kVA에서 650kVA까지),전기기기
소형 변압기(100kVA ~ 650kVA),전기기기
소형 변압기(100kVA 이하),전기기기
소형 트랙터(18kW이하),자동차
손떨림방지(OIS) 액추에이터,무선통신기기
수력엔진.수력모터 (리니어 액팅식 제외),일반기계
수산화리튬,이차전지
수산화칼륨(가성칼륨),석유화학
수산화칼륨(가성칼륨) + 탄산칼륨,석유화학
수산화칼륨(가성칼륨)+탄산칼륨,석유화학
수입 로봇 청소기,가전
수입 무수불산,반도체
수입 반도체용 폴리실리콘,석유제품
수입 배터리 파우더,이차전지
수입 부직포,기타
수입 석유와 역청유,석유화학
수입 수산화리튬,이차전지
수입 염화칼륨,석유화학
수입 천연가스,석유화학
수입 탄산리튬,이차전지
수입 펄프,기타
수입(경기 부천시) 반도체 재료 도핑용 이온주입기,반도체
수입(경기 수원시) 반도체 재료 도핑용 이온주입기,반도체
수입(경기 이천시) MR-MUF,반도체
수입(글로벌) MR-MUF,반도체
수입(글로벌) 니켈코발트 망간 수산화물 전구체,이차전지
수입(글로벌) 니켈코발트 수산화물 전구체,이차전지
수입(글로벌) 니켈코발트 수산화물 전구체 (NCH) + 니켈코발트 망간 수산화물 전구체 (NCMH) + 니켈코발트망간 산화물 전구체,이차전지
수입(글로벌) 니켈코발트망간 산화물 전구체,이차전지
수입(글로벌) 반도체 재료 도핑용 이온주입,반도체
수입(글로벌) 반도체 조립용 인캡슐레이션,반도체
수입(글로벌) 포토레지스트,반도체
수입(글로벌_경기 이천) 반도체 조립용 인캡슐레이션,반도체
수입(일본_경기 화성시) NCF,반도체
수입(중국) 니켈코발트 수산화물 전구체,이차전지
수입(중국) 니켈코발트망간 산화물 전구체,이차전지
수입(중국+핀란드+모로코+인도네시아+일본) 니켈코발트 망간 수산화물 전구체,이차전지
수정진동자(Crystal Unit),석유제품
수정진동자(Crystal Unit) + 이방성도전필름,석유제품
스마트폰,무선통신기기
스마트폰 부분품,무선통신기기
스크러버 액체용•기체용 여과 및 청정기,반도체
스텐트 (인체에 삽입되는 것),바이오헬스
스판덱스,석유제품
승용차용 + 버스·화물차용,자동차부품
시스템반도체,반도체
"실리콘 러버, 리노핀, 실리콘러버소켓",반도체
"실리콘 러버, 리노핀, 실리콘러버소켓 + 플러그 소켓(동축케이블·인쇄회로용의 것) 리노소켓",반도체
"실리콘 러버, 포고핀, 실리콘러버소켓",반도체
실리콘카바이드,반도체
아라미드 사 (나일론.폴리아미드 강력사) (재봉사.소매용 제외),석유제품
아이스크림과 그 밖의 빙과류,농수산식품
알루미늄 파우치 필름,이차전지
알루미늄박,비철금속
알루미늄박 / 알루미늄 파우치 필름,이차전지
알리글로(면역글로불린),바이오헬스
알킬벤젠,석유화학
양극활물질,이차전지
에폭시,석유제품
엑스선 단층 촬영기,바이오헬스
엑스선 단층촬영기,바이오헬스
"엔진 (8429호 : 불도저·앵글도저·그레이더·레벨러·스크래퍼·메커니컬셔블·엑스커베이터·셔블로더·탬핑머신·로드롤러, 디젤.세미디젤, 압축점화식)",일반기계
"엔진 (선박용, 출력 300kW 이하, 디젤.세미디젤, 압축점화식)",일반기계
"엔진 (선박용, 출력 300~2000kW, 디젤.세미디젤, 압축점화식)",일반기계
엔진 및 부분품 전체,일반기계
연마제 (CMP공정에 쓰이는 소재),반도체
연마제 (CMP공정에 쓰이는 소재) + 포토레지스트,반도체
올리고뉴클레오타이드,바이오헬스
와이어링하네스,자동차부품
"와이엠텍 / LS이모빌리티솔루션(LS ELECTRIC 자회사) : EV Relays (계전기, 전기제어용, 전압 1,000V 이하)",전기기기
외과수술용 기기 (레이저 작동식 제외),바이오헬스
원료의약품,바이오헬스
월덱스 / KEC / SK실트론(비상장) : 반도체용 실리콘 카바이드 (쿼츠),반도체
웨이퍼의 절단 이전에 전체 웨이퍼에 연결접점(범프)를 형성하는 웨이퍼 범핑용 기기 (리플로우),반도체
유기발광다이오드 OLED 제조용,디스플레이
유기혼합용제와 시너(thinner),석유화학
유도무기,일반기계
유도무기 + 로켓 발사기 + 레이더,일반기계
유압실린더,일반기계
음극재 (인조흑연 + 천연흑연),이차전지
음극재 (인조흑연),이차전지
음극재 (천연흑연),이차전지
음반,기타
이방성도전필름 (Anisotropic Conductive Film),석유제품
이차전지용 테이프,이차전지
인공관절,바이오헬스
인공호흡기,바이오헬스
인쇄용지,기타
"인쇄회로 (테이프형, 리드프레임 기능을 하는 회로가 형성된 것)",반도체
"인쇄회로 (테이프형, 리드프레임 기능을 하는 회로가 형성된 것) Package Substrate",반도체
인터페이스보드 프로브 카드,반도체
임플란트,바이오헬스
입술화장용 (립스틱 등),화장품
입술화장품 (립스틱 등),화장품
자동차 LED,자동차부품
자동차단기,전기기기
자동차단기 (전압 1000V 이하),전기기기
자동차부품,자동차부품
잔여레진제거장치,전기기기
전기이중층콘덴서 및 하이브리드콘덴서,전기기기
전력선 등,전기기기
전력용 필름 콘덴서,전기기기
전압별 변압기,일반기계
"전자석탈철기(EMF), 선별기 분리기 등",이차전지
전자집적회로,반도체
전자집적회로 + 디램,반도체
전장용 필름 콘덴서,이차전지
전차와 그 밖의 장갑차량,일반기계
전차와 그 밖의 장갑차량 부분품,일반기계
전체 진단시약,바이오헬스
전해액,이차전지
전해질,이차전지
전해콘덴서 및 칩전해콘덴서,전기기기
전해콘덴서 및 칩전해콘덴서 + 전기이중층콘덴서 및 하이브리드콘덴서,전기기기
정지형 변환기,전기기기
젤라틴,바이오헬스
조이미페넴 + 무균이미페넴 + 에르타페넴,바이오헬스
줄자 STEEL LONG TAPE 등,기타
중대형 트랙터(18kW~37kW),자동차
중소구경 철강제 관,철강제품
중앙난방용 보일러(가스),일반기계
중앙난방용 보일러(가스) + 가스식인 즉시식 물가열기(온수기),일반기계
지혈제,바이오헬스
진공펌프,반도체
진단장비,바이오헬스
진주광택안료,석유제품
차량용 2차전지,이차전지
창상피복재,바이오헬스
챔버 내부 부품,반도체
체성분 분석기,바이오헬스
체성분분석기,바이오헬스
초고압 변압기,전기기기
"초고압 변압기(10,000kVA 초과)",전기기기
"초고압 변압기(10,000kVA 초과) + 배전반 + 변환기",전기기기
"초고압 변압기(10,000kVA 초과) + 자동차단기 (전압 1000V 이하) + 배전반",전기기기
"초고압 변압기(10,000kVA 초과) + 자동차단기 (전압 1000V 이하) + 배전반 + 계전기 (전압 60V ~ 1000V) + 변환기",전기기기
치과용 X-레이 장비,바이오헬스
카드프린터,전기기기
카드프린터 + 소모품,전기기기
카드프린터 / 모바일프린터,전기기기
카지노모니터,전기기기
캐패시터 필름,이차전지
커피 원두,농수산식품
케이싱 강관,철강제품
콘택트렌즈,바이오헬스
쿼츠,반도체
쿼츠웨어,반도체
탄산리튬,이차전지
탄산칼륨,석유화학
탄소섬유,섬유류
탈철기,이차전지
태양광 모듈/패널,전기기기
태양광 셀,전기기기
"태양광 전지 (모듈에 조립된 것, 패널로 구성된 것)",전기기기
탱커 (LNG 운반선 / VLCC / MR탱커),선박류
탱커 (LNG 운반선 / VLCC / MR탱커) + 화물선 (컨테이너선 / 벌크선),선박류
텔레비전 카메라 CCTV (대전 유성구),무선통신기기
튜빙 강관,철강제품
특수지,기타
티탄산바륨,전기기기
티탄산바륨 + 니켈페이스트 + 세라믹콘덴서와 페라이트코어 제조용 조제품,전기기기
페이스트,반도체
페이스트 + SB&MSB + CSB,반도체
펠리클,반도체
평판디스플레이 모니터용,디스플레이
평판디스플레이 모듈 (구동장치.제어회로 없는 유기발광다이오드(OLED)의 것),디스플레이
평판디스플레이 텔레비전용,디스플레이
포고핀 / 실리콘러버소켓,반도체
포토레지스트,반도체
폴리아세탈수지,석유화학
품목합,일반기계
풍력 하부구조물,선박류
프로세서.컨트롤러,반도체
플라스틱성형사출기,일반기계
플래시 메모리,반도체
플러그 소켓(동축케이블·인쇄회로용의 것) 리노소켓,반도체
플루토 장비,바이오헬스
피부과용 기기 (레이저 작동식 제외),화장품
피부과용 기기 (레이저 작동식),화장품
피부과용 기기 (레이저 작동식) + 피부과용 기기 (레이저 작동식 제외) + 미용목적 의료기기 부분품,화장품
피부과용 기기 (레이저 작동식) + 피부과용 기기 (레이저 작동식 제외) + 미용목적 의료기기 부분품 (서울 강남구,화장품
피부과용 기기 (레이저 작동식_프랑스),화장품
피부과용 기기(레이저 작동식 제외),화장품
피부세척용 유기계면활성제품과 조제품,화장품
피스톤식 엔진 시동용 연산 축전지,이차전지
피팅,일반기계
피팅 (경남 양산) ->,일반기계
피팅+밸브,일반기계
필러,화장품
필러 관련종목 관련주 : 휴젤 / 메디톡스 / 대웅제약 / 휴메딕스 / 바이오플러스 / 파마리서치 등,화장품
하드캡슐,농수산식품
하이트진로(경남 창원시) + 롯데칠성음료,농수산식품
한화에어로스페이스 / 현대로템 등 (전국) : 전차와 그 밖의 장갑차량 + 부분품,일반기계
핫도그,농수산식품
"항생제 (카바페넴계, 이미페넴(IMIPENEM / 에르타페넴(Ertapenem))",바이오헬스
"항생제 (카바페넴계, 이미페넴(IMIPENEM / 에르타페넴(Ertapenem)) (충북 충주시)",바이오헬스
"항생제 (카바페넴계, 이미페넴(IMIPENEM / 에르타페넴(Ertapenem)) (충북 충주시_이탈리아)",바이오헬스
"해상 통신 장치 (무선장비) (VSAT , FBB , 저/중궤도 관련 안테나 매출 포함)",무선통신기기
"해상용 안테나 부분품 (VSAT , FBB , 저/중궤도 관련 안테나 매출 포함)",무선통신기기
"해상용 안테나 부분품 + 해상용 안테나 부분품 기타 + 해상 통신 장치 (VSAT , FBB , 저/중궤도 관련 안테나 매출 포함)",무선통신기기
"해상용 안테나 부분품 기타 (VSAT , FBB , 저/중궤도 관련 안테나 매출 포함)",무선통신기기
핸들러,반도체
헬리콥터의 부분품,일반기계
형상기억 소재,일반기계
형상기억 소재 + 잔여레진제거장치 + 3D 프린터,일반기계
화물선 (컨테이너선 / 벌크선),선박류
화장품 + 마스크팩 + 가정용 미용기기,화장품
화장품 소재 (마이크로비드(실리카 비드)),화장품
화장품 소재 (자외선 차단 + 스킨케어),화장품
화장품 소재 (자외선 차단 + 스킨케어) + (마이크로비드(실리카 비드)),화장품
화장품 소재 (자외선 차단 + 스킨케어) + (마이크로비드(실리카비드)),화장품
황산니켈 + 탄산리튬 + 황산코발트 + 니켈 + 황산이나트륨,이차전지
